{"cameraMode":{"drawMode":0,"name":"Shaded","section":"Shading Mode"},"sceneLighting":true,"audioPlay":false,"sceneViewState":{"showFog":true,"showMaterialUpdate":false,"showSkybox":true,"showFlares":true,"showImageEffects":true,"showParticleSystems":true},"in2DMode":false,"pivot":{"x":-0.4698486328125,"y":0.1104736328125,"z":0.10089111328125},"rotation":{"x":0.10371220856904984,"y":0.5136610865592957,"z":-0.06271842867136002,"w":0.8493894338607788},"size":0.9387550354003906,"orthographic":true}