{"cameraMode":{"drawMode":0,"name":"Shaded","section":"Shading Mode"},"sceneLighting":true,"audioPlay":false,"sceneViewState":{"showFog":true,"showMaterialUpdate":false,"showSkybox":true,"showFlares":true,"showImageEffects":true,"showParticleSystems":true},"in2DMode":false,"pivot":{"x":-0.473968505859375,"y":0.1763916015625,"z":0.1484375},"rotation":{"x":0.10331609100103378,"y":0.16717031598091126,"z":-0.01761743426322937,"w":0.9803414940834045},"size":0.5923603773117065,"orthographic":true}