{"cameraMode":{"drawMode":0,"name":"Shaded","section":"Shading Mode"},"sceneLighting":true,"audioPlay":false,"sceneViewState":{"showFog":true,"showMaterialUpdate":false,"showSkybox":true,"showFlares":true,"showImageEffects":true,"showParticleSystems":true},"in2DMode":false,"pivot":{"x":-0.25506591796875,"y":-0.016845703125,"z":0.093505859375},"rotation":{"x":0.14485962688922883,"y":0.35713037848472597,"z":-0.05616876855492592,"w":0.9210422039031982},"size":0.8276455998420715,"orthographic":true}