{"cameraMode":{"drawMode":0,"name":"Shaded","section":"Shading Mode"},"sceneLighting":true,"audioPlay":false,"sceneViewState":{"showFog":true,"showMaterialUpdate":false,"showSkybox":true,"showFlares":true,"showImageEffects":true,"showParticleSystems":true},"in2DMode":false,"pivot":{"x":634.1867065429688,"y":65.83416748046875,"z":30.87237548828125},"rotation":{"x":-0.2042820155620575,"y":0.027011359110474588,"z":-0.0056390222162008289,"w":-0.9785230755805969},"size":662.7303466796875,"orthographic":false}