{"cameraMode":{"drawMode":0,"name":"Shaded","section":"Shading Mode"},"sceneLighting":true,"audioPlay":false,"sceneViewState":{"showFog":true,"showMaterialUpdate":false,"showSkybox":true,"showFlares":true,"showImageEffects":true,"showParticleSystems":true},"in2DMode":false,"pivot":{"x":0.16788530349731446,"y":-0.5216587781906128,"z":0.5777631998062134},"rotation":{"x":-0.32942232489585879,"y":0.28322577476501467,"z":-0.10428831726312638,"w":-0.8946440815925598},"size":2.275822401046753,"orthographic":false}