{"cameraMode":{"drawMode":0,"name":"Shaded","section":"Shading Mode"},"sceneLighting":true,"audioPlay":false,"sceneViewState":{"showFog":true,"showMaterialUpdate":false,"showSkybox":true,"showFlares":true,"showImageEffects":true,"showParticleSystems":true},"in2DMode":false,"pivot":{"x":0.12577342987060548,"y":0.11981207132339478,"z":0.2785339951515198},"rotation":{"x":-0.15509627759456635,"y":0.2452612668275833,"z":-0.03978387638926506,"w":-0.9561429619789124},"size":1.116220235824585,"orthographic":false}