{"cameraMode":{"drawMode":0,"name":"Shaded","section":"Shading Mode"},"sceneLighting":true,"audioPlay":false,"sceneViewState":{"showFog":true,"showMaterialUpdate":false,"showSkybox":true,"showFlares":true,"showImageEffects":true,"showParticleSystems":true},"in2DMode":false,"pivot":{"x":745.86376953125,"y":266.99383544921877,"z":-55.42279052734375},"rotation":{"x":0.05097700655460358,"y":-0.005992185790091753,"z":0.0003058663569390774,"w":0.9986818432807922},"size":888.0518798828125,"orthographic":false}